<?xml version="1.0" encoding="utf-8"?>
<ResourceManagementExportImport xmlns:xsd="http://www.w3.org/2001/XMLSchema" xmlns:xsi="http://www.w3.org/2001/XMLSchema-instance" xmlns="http://schemas.qualisystems.com/ResourceManagement/ExportImportConfigurationSchema.xsd">
  <Tags>
    <Tag Name="Available For Abstract Resources" />
    <Tag Name="Configuration" />
    <Tag Name="Constant Capability" />
    <Tag Name="Link Configurations" />
    <Tag Name="Setting" />
    <Tag Name="Variable Capability" />
  </Tags>
  <Attributes>
    <AttributeInfo Name="Password" Type="Password" DefaultValue="" IsReadOnly="false" IsCommand="false">
      <Tags>
        <TagName Name="Configuration" />
      </Tags>
    </AttributeInfo>
    <AttributeInfo Name="UniqueID" Type="String" DefaultValue="" IsReadOnly="false" IsCommand="false">
      <Tags>
        <TagName Name="Configuration" />
      </Tags>
    </AttributeInfo>
    <AttributeInfo Name="User" Type="String" DefaultValue="" IsReadOnly="false" IsCommand="false">
      <Tags>
        <TagName Name="Configuration" />
      </Tags>
    </AttributeInfo>
  </Attributes>
  <Modules>
    <Module Name="Measurement">
      <AttachedAttributes>
        <AttributeName>Tag</AttributeName>
      </AttachedAttributes>
    </Module>
    <Module Name="Test">
      <AttachedAttributes>
        <AttributeName>Tag</AttributeName>
      </AttachedAttributes>
    </Module>
    <Module Name="Resource Module">
      <AttachedAttributes />
    </Module>
  </Modules>
  <ResourceFamilies>
    <ResourceFamily Name="None" IsMappableContainer="true" IsMappable="false" IsConnectable="false" IsLicenseCheckRequired="false" IsAllConnectedContainer="false" IsLockedByDefault="false" AcceptsMultipleConnections="false" Description="" SupportsMulticastMapping="false" SupportsLoopbackMapping="true" IsPowerSwitch="false" IsConsoleServer="false">
      <AttachedAttributes>
        <AttachedAttribute Name="User" IsOverridable="true" IsLocal="true">
          <AllowedValues />
        </AttachedAttribute>
        <AttachedAttribute Name="Password" IsOverridable="true" IsLocal="true">
          <AllowedValues />
        </AttachedAttribute>
      </AttachedAttributes>
      <AttributeValues />
      <Models>
        <ResourceModel Name="Rome" Description="" SupportsConcurrentCommands="false">
          <AttachedAttributes />
          <AttributeValues />
          <ParentModels />
          <Drivers>
            <DriverName>Rome Driver</DriverName>
          </Drivers>
        </ResourceModel>
      </Models>
    </ResourceFamily>
    <ResourceFamily Name="Rome Patch Panel" IsMappableContainer="false" IsMappable="false" IsConnectable="false" IsLicenseCheckRequired="false" IsAllConnectedContainer="false" IsLockedByDefault="false" AcceptsMultipleConnections="false" Description="" SupportsMulticastMapping="false" SupportsLoopbackMapping="true" IsPowerSwitch="false" IsConsoleServer="false">
      <AttachedAttributes/>
      <AttributeValues />
      <Models>
        <ResourceModel Name="Rome Patch Panel" Description="" SupportsConcurrentCommands="false">
          <AttachedAttributes />
          <AttributeValues />
          <ParentModels>
            <ParentModelName>Rome</ParentModelName>
          </ParentModels>
          <Drivers/>
        </ResourceModel>
      </Models>
    </ResourceFamily>
    <ResourceFamily Name="Rome Port" IsMappableContainer="false" IsMappable="true" IsConnectable="true" IsLicenseCheckRequired="false" IsAllConnectedContainer="false" IsLockedByDefault="true" AcceptsMultipleConnections="false" Description="" SupportsMulticastMapping="false" SupportsLoopbackMapping="true" IsPowerSwitch="false" IsConsoleServer="false">
      <AttachedAttributes />
      <AttributeValues />
      <Models>
	    <ResourceModel Name="Rome Port" SupportsConcurrentCommands="false">
          <AttachedAttributes/>
          <AttributeValues/>
          <ParentModels>
            <ParentModelName>Rome Patch Panel</ParentModelName>
          </ParentModels>
          <Drivers />
        </ResourceModel>
      </Models>
    </ResourceFamily>
    <ResourceFamily Name="DUT" IsMappableContainer="false" IsMappable="false" IsConnectable="false" IsLicenseCheckRequired="false" IsAllConnectedContainer="false" IsLockedByDefault="false" AcceptsMultipleConnections="false" Description="" SupportsMulticastMapping="false" SupportsLoopbackMapping="false" IsPowerSwitch="false" IsConsoleServer="false">
      <AttachedAttributes />
      <AttributeValues />
      <Models>
        <ResourceModel Name="Generic DUT" Description="" SupportsConcurrentCommands="false">
          <AttachedAttributes />
          <AttributeValues />
          <ParentModels />
          <Drivers />
        </ResourceModel>
      </Models>
    </ResourceFamily>
    <ResourceFamily Name="DUT Port" IsMappableContainer="false" IsMappable="false" IsConnectable="true" IsLicenseCheckRequired="false" IsAllConnectedContainer="false" IsLockedByDefault="false" AcceptsMultipleConnections="false" Description="" SupportsMulticastMapping="false" SupportsLoopbackMapping="false" IsPowerSwitch="false" IsConsoleServer="false">
      <AttachedAttributes />
      <AttributeValues />
      <Models>
        <ResourceModel Name="Generic Port" Description="" SupportsConcurrentCommands="false">
          <AttachedAttributes />
          <AttributeValues />
          <ParentModels>
            <ParentModelName>Generic DUT</ParentModelName>
          </ParentModels>
          <Drivers />
        </ResourceModel>
      </Models>
    </ResourceFamily>
	</ResourceFamilies>
  <DriverDescriptors>
    <DriverDescriptor Name="Rome Driver" DriverType="L1SwitchTclDriver" CustomParams="Rome.exe" />
    <DriverDescriptor Name="Patch Panel Driver" DriverType="L1SwitchDriver" />
  </DriverDescriptors>
</ResourceManagementExportImport>
